{
    "1": [
        0.5773502691896258,
        0.5773502691896258,
        0.5773502691896258
    ],
    "2": [
        0.5773502691896258,
        -0.5773502691896258,
        -0.5773502691896258
    ],
    "3": [
        -0.5773502691896258,
        0.5773502691896258,
        -0.5773502691896258
    ],
    "4": [
        -0.5773502691896258,
        -0.5773502691896258,
        0.5773502691896258
    ]
}