{"0": [0.5773502691896258, 0.5773502691896258, 0.5773502691896258], "1": [0.5773502691896258, -0.5773502691896258, -0.5773502691896258], "2": [-0.5773502691896258, 0.5773502691896258, -0.5773502691896258], "3": [-0.5773502691896258, -0.5773502691896258, 0.5773502691896258]}